{
  "validation": {
    "MAE": 296.696060921326,
    "RMSE": 407.0900294634252,
    "MAPE": 71.52306632417617
  },
  "test": {
    "MAE": 389.6759717775826,
    "RMSE": 543.0107432804383,
    "MAPE": 248.13069004610654
  }
}