{
  "validation": {
    "MAE": 296.54976398608363,
    "RMSE": 406.5919347025308,
    "MAPE": 69.4072875534225
  },
  "test": {
    "MAE": 392.4909305515885,
    "RMSE": 548.2986591465328,
    "MAPE": 246.7368144197277
  }
}