{
  "baseline_lag24": {
    "MAE": 504.12639772409295,
    "RMSE": 800.3365065622726,
    "MAPE": 302.6624023942563
  },
  "lgbm_model": {
    "MAE": 392.4909305515885,
    "RMSE": 548.2986591465329,
    "MAPE": 246.7368144197277
  }
}