{
  "baseline_lag24": {
    "MAE": 495.437054973822,
    "RMSE": 790.8298581674015,
    "MAPE": 302.042392094482
  },
  "lgbm_model": {
    "MAE": 389.6759717775826,
    "RMSE": 543.0107432804383,
    "MAPE": 248.13069004610654
  }
}