{
  "validation": {
    "MAE": 296.5497639860836,
    "RMSE": 406.59193470253075,
    "MAPE": 69.4072875534225
  },
  "test": {
    "MAE": 392.4909305515885,
    "RMSE": 548.2986591465329,
    "MAPE": 246.7368144197277
  }
}